{
  "project_info": {
    "project_number": "3354496283",
    "firebase_url": "https://chapa-kazi-b86bb.firebaseio.com",
    "project_id": "chapa-kazi-b86bb",
    "storage_bucket": "chapa-kazi-b86bb.appspot.com"
  },
  "client": [
    {
      "client_info": {
        "mobilesdk_app_id": "1:3354496283:android:d770e1b9d71933485dd7be",
        "android_client_info": {
          "package_name": "com.example.chmarax.logregform"
        }
      },
      "oauth_client": [
        {
          "client_id": "3354496283-8bf43vgkijdcsckjhtp9oh4b77f2nefb.apps.googleusercontent.com",
          "client_type": 3
        }
      ],
      "api_key": [
        {
          "current_key": "AIzaSyChEn9F-IM52HDjiunM3O8hrvKYYAInZvE"
        }
      ],
      "services": {
        "appinvite_service": {
          "other_platform_oauth_client": [
            {
              "client_id": "3354496283-8bf43vgkijdcsckjhtp9oh4b77f2nefb.apps.googleusercontent.com",
              "client_type": 3
            }
          ]
        }
      }
    }
  ],
  "configuration_version": "1"
}